co,cv,eu,kg,nm,sc
0.192,0.004,0.227,0.256,0.153,0.168
0.07735605,0.27140929,0.19902309,0.13145514,0.23918247,0.08157396
0.15,0.11,0.15,0.2,0.09,0.2
0.17364847,0.041983,0.23692088, 0.02171107, 0.28766833, 0.23806824
0.15,0.11,0.15,0.2,0.09,0.2
// VEILLLEZ À CE QUE LES POIDS CONSIDÉRÉS SOMMENT À 1
